1	201	中村 幸生	ナカムラ コウセイ	市立尼崎	2008/11/24	高校3年
1	202	辻 聡司	ツジ ソウシ	市立尼崎	2009/01/27	高校3年
1	203	上岡 凌太	カミオカ リョウタ	須磨学園高校／PHOENIX	2008/10/11	高校3年
1	204	中川 太芯	ナカガワ タイシン	枚方ＳＳ／四條畷学園	2009/01/07	高校3年
1	205	後藤 昂紀	ゴトウ コウキ	中京大中京高／RSケーニーズ	2010/08/12	高校1年
1	206	平森 玲守	ヒラモリ レイマ	飛龍／RSC富士	2010/10/20	高校1年
1	207	緒方 健人	オガタ ケント	中京大中京高／東邦ＳＣ	2010/09/14	高校1年
1	208	岩井 怜央	イワイ レオ	相模原ＤＣ／桐蔭学園	2008/05/01	高校3年
1	209	若杉 朝陽	ワカスギ アサヒ	天理高校／イトマン富雄	2008/06/28	高校3年
1	210	近澤 昊二	チカザワ ソラツグ	Ｆ－ＢＩＧ／宇都宮南	2009/08/16	高校2年
1	211	井上 志吹	イノウエ シブキ	市立尼崎	2008/04/21	高校3年
1	212	永木 祐莉	ナガキ ユウリ	市立尼崎	2010/03/26	高校2年
1	213	岸 孝之介	キシ コウノスケ	春日部共栄	2008/07/27	高校3年
1	214	小野 雅咲海	オノ マサミ	飛龍／東部ＳＳ	2009/06/09	高校2年
3	251	鈴木 智葉	スズキ トモハ	中京大中京高／東邦ＳＣ	2009/10/13	高校2年
3	252	久保 怜来	クボ レイナ	添上高校	2008/07/25	高校3年
3	253	古川 歩香	フルカワ ホノカ	First広島／市立沼田	2008/04/02	高校3年
2	701	岡崎 陽	オカザキ ハル	南昌みらい	2009/02/17	高校3年
2	702	本間 敬也	ホンマ ユキヤ	Autenticool	2009/02/21	高校3年
2	703	岡田 康汰	オカダ コウタ	ｽｳｨﾝみよし／埼玉栄	2009/09/11	高校2年
2	704	宗藤 煌英	ムネトウ コウエイ	ドーム巣鴨／淑徳巣鴨	2008/06/05	高校3年
2	705	山下 瑛大	ヤマシタ エイタ	添上高校	2009/05/30	高校2年
2	706	加藤 千翔	カトウ セント	名古屋高／ＪＳＳ中川	2010/12/19	高校1年
2	707	川井 幸大	カワイ ユキヒロ	名古屋高／ＭＹＳ名学院	2009/05/01	高校2年
2	708	髙松 祐樹	タカマツ ユウキ	枚方SS生駒／天理高校	2008/10/23	高校3年
2	709	堀部 佳佑	ホリベ ケイスケ	春日部共栄／ﾙﾈｻﾝｽ亀戸	2009/08/03	高校2年
2	710	磯川 翔	イソカワ ショウ	アクシオンSS	2009/07/19	高校2年
2	711	三ツ井 那央睦	ミツイ ナオチカ	スウィン大教／川口市立	2010/04/19	高校1年
2	712	安藤 陽	アンドウ ヒナタ	枚方ＳＳ／四條畷学園	2008/08/07	高校3年
2	713	藤井 亮成	フジイ リョウセイ	豊川高	2010/04/16	高校1年
2	714	前田 朱翔	マエダ アヤト	京都外大西高／イトマン京都	2009/04/21	高校2年
2	715	伊藤 玲生	イトウ レオ	枚方ＳＳ／四條畷学園	2010/05/02	高校1年
2	716	片山 剛士朗	カタヤマ ゴウシロウ	周南ＳＣ	2009/12/03	高校2年
2	717	江見 優太	エミ ユウタ	武南高校／アテナＡＭＣ	2010/02/12	高校2年
2	718	木本 怜良	キモト レオ	豊川高	2010/01/22	高校2年
2	719	池田 良雅	イケダ リョウガ	ビート宮崎	2010/08/03	高校1年
2	720	河原 志侑	カワハラ シュウ	京都外大西高／イトマン京都	2010/09/19	高校1年
2	721	玉木 鼓己	タマキ ツヅミ	ＳＳ安来	2010/10/01	高校1年
2	722	磯野 友吾	イソノ トモア	高岡ＳＣ／高岡商業	2008/07/28	高校3年
2	723	伊藤 謙吾	イトウ ケンゴ	ＪＳＳ立石	2010/02/08	高校2年
2	724	野崎 虹大	ノザキ コウダイ	ＪＳＳ立石	2010/07/06	高校1年
2	725	工藤 凱	クドウ カイ	枚方ＳＳ／四條畷学園	2009/10/07	高校2年
2	726	前田 聡介	マエダ ソウスケ	伊藤ＳＳ	2010/05/26	高校1年
2	727	前田 賢伸	マエダ ケンシン	SOLARIS ST	2010/07/15	高校1年
2	728	本山 波	モトヤマ ハルマ	添上高校	2010/08/27	高校1年
2	729	神矢 和夢	カミヤ ナゴム	TAP龍ヶ崎	2009/12/19	高校2年
2	730	荒川 立毅	アラカワ リキ	SW大教二本松／福島成蹊	2009/11/28	高校2年
2	731	入口 圭唯	イリグチ ケイ	FINE ST	2010/11/11	高校1年
2	732	田中 香蔵	タナカ コウゾウ	花咲徳栄	2009/06/09	高校2年
2	733	中谷 勇斗	ナカタニ ユウト	ナントＳＣ／高岡商業	2010/07/30	高校1年
2	734	木下 愛翔	キシタ マナト	メルヘン姶良／加治木工業	2009/09/01	高校2年
2	735	古城 陽音	フルキ ハルト	昭和学院／柏洋・柏	2010/05/03	高校1年
2	736	櫻井 雄磨	サクライ ユウマ	花巻東高校／花巻ＳＦ	2010/01/14	高校2年
4	801	大河原 羽菜	オオガワラ ハナ	枚方ＳＳ／四條畷学園	2010/10/03	高校1年
4	802	菅 七海	スガ ナナミ	東京ＳＣ／武南	2010/01/15	高校2年
4	803	松岡 未祐	マツオカ ミユ	大垣北ＳＳ／岐阜聖徳学園	2010/08/04	高校1年
4	804	藤倉 来羽	フジクラ コハネ	春日部共栄／スウィン加須	2008/11/05	高校3年
4	805	青沼 凪紗	アオヌマ ナギサ	京都外大西高／イトマン京都	2010/06/11	高校1年
4	806	菅生 心菜	スガオイ ココナ	京都外大西高／イトマン京都	2009/04/02	高校2年
4	807	竹廣 美優	タケヒロ ミユウ	SSS岩国	2009/04/22	高校2年
4	808	下地 十愛	シモジ トア	昭和学院／アーデル	2009/05/01	高校2年
4	809	中﨑 雪菜	ナカザキ ユキナ	ﾄﾞｰﾑ京ｱﾘ	2009/07/22	高校2年
4	810	檀野 紗良	ダンノ サラ	須磨学園高校／PHOENIX	2009/11/19	高校2年
4	811	松本 望	マツモト ノゾミ	枚方ＳＳ／太成学院大高	2010/10/06	高校1年
4	812	山花 咲	ヤマハナ サキ	SOLARIS ST	2009/06/30	高校2年
4	813	赤松 蘭	アカマツ ラン	須磨学園高校／PHOENIX	2009/10/12	高校2年
4	814	野口 華穂	ノグチ カホ	昭和学院／アーデル	2009/07/15	高校2年
4	815	金野 柚子	コンノ ユウコ	花巻東高校／花巻ＳＦ	2008/10/10	高校3年
4	816	清原 妃夏	キヨハラ ヒナ	枚方ＳＳ／四條畷学園	2009/07/01	高校2年
4	817	岩崎 天琉	イワサキ アメル	ｽｳｨﾝみよし／春日部共栄	2009/10/27	高校2年
4	818	宇野 綾乃	ウノ アヤノ	レイＳＣ岡山／山陽学園	2009/08/25	高校2年
4	819	酒井 萌	サカイ モエ	SOLARIS ST	2009/05/28	高校2年
4	820	松原 美月	マツバラ ミヅキ	ｾﾝﾄﾗﾙ青梅	2008/08/23	高校3年
4	821	草場 結凪	クサバ ユイナ	WEｽｲﾑｸﾗﾌﾞ／柳川	2010/04/01	高校2年
4	822	菖蒲池 鈴	ショウブイケ リン	須磨学園高校／PHOENIX	2010/05/14	高校1年
4	823	ワーナー 恵来マリー	ワーナー エラマリー	ﾄﾞｰﾑ京ｱﾘ	2010/05/13	高校1年
4	824	関 恵梨紗	セキ エリサ	千葉商大付	2010/03/11	高校2年
4	825	丸山 桃子	マルヤマ トウコ	ＯＳＫ岡山	2008/08/14	高校3年
4	826	前ノ園 杏奈	マエノソノ アンナ	原田学園ＳＳ／鹿児島高	2009/09/09	高校2年
5	501	緒方 健人	オガタ ケント	中京大中京高／東邦ＳＣ	2010/09/14	高校1年
5	502	髙本 亮	タカモト リョウ	東京ＳＣ／開成	2009/08/27	高校2年
5	503	横山 道万	ヨコヤマ トウマ	SW大教二本松	2011/04/05	中学3年
5	504	大橋 信	オオハシ シン	枚方ＳＳ／四條畷学園	2009/03/05	高校3年
5	505	若杉 朝陽	ワカスギ アサヒ	天理高校／イトマン富雄	2008/06/28	高校3年
5	506	森 慧斗	モリ ケイト	ｻﾝﾌﾗﾜｰSS	2011/08/14	中学3年
5	507	平森 玲守	ヒラモリ レイマ	飛龍／RSC富士	2010/10/20	高校1年
5	508	髙柳 翔	タカヤナギ カケル	浜松西	2010/07/30	高校1年
5	509	中島 心	ナカジマ シン	スウィン前橋	2011/04/20	中学3年
5	510	出山 俊介	イデヤマ シュンスケ	ウスイＳＣ	2011/11/01	中学3年
5	511	髙橋 登哉	タカハシ トウヤ	南昌みらい／ＪＳＳ盛岡	2008/12/09	高校3年
5	512	北野 太一	キタノ タイチ	ＪＳＳ松阪	2009/09/02	高校2年
5	513	川口 大道	カワグチ ダイチ	東北	2010/03/11	高校2年
5	514	近藤 テオ	コンドウ テオ	枚方ＳＳ／関大北陽	2008/09/30	高校3年
5	515	小林 航介	コバヤシ コウスケ	スウィン北本／本庄東	2008/04/24	高校3年
5	516	金子 侑生	カネコ ユウキ	飛龍／レオリブレ	2009/07/30	高校2年
5	517	近澤 昊二	チカザワ ソラツグ	Ｆ－ＢＩＧ／宇都宮南	2009/08/16	高校2年
5	518	川口 想眞	カワグチ ソウマ	マリーン鹿本	2010/06/09	高校1年
5	519	手塚 直人	テヅカ ナオト	ﾙﾈｻﾝｽ新所沢	2012/10/16	中学2年
5	520	野口 大輝	ノグチ ヒロキ	伊勢ＳＳ	2010/03/14	高校2年
5	521	鈴木 康晟	スズキ コウセイ	東京ＳＣ／淑徳巣鴨	2010/09/10	高校1年
5	522	佐藤 慈織	サトウ イオリ	アクシー亀田／長岡大手	2010/07/16	高校1年
5	523	佐藤 颯介	サトウ ソウスケ	SW大教大宮東	2012/01/14	中学3年
5	524	森藤 愛永	モリフジ マナト	鳥取・パジャ	2008/10/25	高校3年
5	525	友部 琉斗	トモベ リュウト	Ｆ－ＢＩＧ／下館第一	2009/09/15	高校2年
5	526	河原 志侑	カワハラ シュウ	京都外大西高／イトマン京都	2010/09/19	高校1年
5	527	岸 孝之介	キシ コウノスケ	春日部共栄	2008/07/27	高校3年
5	528	立花 敬亮	タチバナ タカアキ	FINE ST	2008/06/17	高校3年
5	529	小野 雅咲海	オノ マサミ	飛龍／東部ＳＳ	2009/06/09	高校2年
5	530	北垣 承太朗	キタガキ ショウタロウ	島根ＳＳ松江	2009/12/12	高校2年
5	531	上嶋 万葉	ウエシマ カズハ	飛龍／東富士ＳＣ	2008/07/28	高校3年
5	532	藤井 亮成	フジイ リョウセイ	豊川高	2010/04/16	高校1年
5	533	名越 慎之助	ナコシ シンノスケ	MBSｻﾝﾊﾟｰｸ／三重	2009/06/30	高校2年
5	534	川鍋 瑞穂	カワナベ ミズホ	東京ＳＣ／武蔵野	2011/02/11	高校1年
5	535	栗橋 遼	クリハシ リョウ	AOMORI OWS	2011/06/03	中学3年
5	536	小川 健斗	オガワ ケント	ﾙﾈｻﾝｽ新所沢／ふじみ野	2008/10/14	高校3年
5	537	仲宗根 裕也	ナカソネ ヒロヤ	具志川ＳＳ	2008/05/15	高校3年
5	538	岩井 怜央	イワイ レオ	相模原ＤＣ／桐蔭学園	2008/05/01	高校3年
5	539	久保 夏希	クボ ナツキ	福大附属大濠	2009/08/13	高校2年
5	540	磯川 翔	イソカワ ショウ	アクシオンSS	2009/07/19	高校2年
5	541	太田 蓮一	オオタ レンイチ	日大三島	2011/03/31	高校1年
5	542	宮本 啓司	ミヤモト ケイジ	ＫＴＰつるが／敦賀気比	2008/11/07	高校3年
5	543	小澤 岳	オザワ ガク	東邦ＳＣ	2011/08/25	中学3年
5	544	宝坂 尊	ホウサカ タケル	鳥取・パジャ	2012/04/02	中学2年
5	545	大谷 光佑	オオタニ コウスケ	スウィン前橋	2010/04/06	高校1年
5	546	渡邉 颯斗	ワタナベ ハヤト	東京ＳＣ	2011/10/19	中学3年
5	547	髙橋 真正	タカハシ マセイ	Autenticool	2011/07/11	中学3年
5	548	岩﨑 翔太郎	イワサキ ショウタロウ	佐賀学園高校	2009/09/17	高校2年
5	549	竹下 貫太	タケシタ カンタ	九産大ＳＣ	2011/11/13	中学3年
5	550	前田 朱翔	マエダ アヤト	京都外大西高／イトマン京都	2009/04/21	高校2年
5	551	永須 康介	エイス コウスケ	秋田ＡＣ	2012/06/28	中学2年
5	552	白根 匠隼	シラネ シュン	東京ＳＣ／春日部共栄	2011/03/04	高校1年
5	553	髙松 祐樹	タカマツ ユウキ	枚方SS生駒／天理高校	2008/10/23	高校3年
5	554	片岡 蒼真	カタオカ ソウマ	東京ＳＣ	2011/06/08	中学3年
5	555	後藤 昂紀	ゴトウ コウキ	中京大中京高／RSケーニーズ	2010/08/12	高校1年
5	556	新田 翔成	ニッタ ショウセイ	京都外大西高	2010/06/11	高校1年
5	557	許田 琉賀	キョダ リュウガ	沖縄ＳＳ名護	2012/03/02	中学3年
5	558	入口 奏多	イリグチ カナタ	FINE ST	2008/07/11	高校3年
5	559	野上 天治郎	ノガミ テンジロウ	枚方SS香里	2011/07/08	中学3年
5	560	長井 風人	ナガイ フウト	枚方SS香里／四條畷学園	2011/01/11	高校1年
5	561	志和 誠仁	シワ アキト	東北	2009/07/15	高校2年
5	562	升田 比呂	マスダ ヒロ	日大藤沢／林水泳教室	2010/11/22	高校1年
5	563	河井 一桜	カワイ イッサ	東京ＳＣ／慶応	2009/05/01	高校2年
5	564	日高 颯音	ヒダカ ソラ	九産大ＳＣ	2009/02/13	高校3年
5	565	新井 純三郎	アライ ジュンザブロウ	JSSﾊﾟﾙﾜｶﾔﾏ／大体大浪商	2008/10/17	高校3年
5	566	笠野 蒼翔	カサノ アオト	千葉商大付／Nalu Aquatic	2008/12/19	高校3年
5	567	室橋 広人	ムロハシ ヒロト	スウィン前橋	2011/03/01	高校1年
5	568	一宮 綾恭	イチミヤ リチカ	ﾙﾈｻﾝｽ多治米	2011/01/31	高校1年
5	569	永 瑠偉	ナガ ルイ	ＪＳＳ登別	2011/05/20	中学3年
5	570	渡邉 翔太	ワタナベ ショウタ	東京ＳＣ／淑徳巣鴨	2009/05/21	高校2年
5	571	横地 竜輝	ヨコジ タツキ	金沢SC中林	2011/06/08	中学3年
5	572	上野 裕汰	ウエノ ユウタ	ﾙﾈｻﾝｽ多治米	2008/04/02	高校3年
5	573	武石 航弥	タケイシ ワタル	ｽｳｨﾝみよし／武南	2009/06/02	高校2年
5	574	中川 太芯	ナカガワ タイシン	枚方ＳＳ／四條畷学園	2009/01/07	高校3年
5	575	南畑 遥輝	ミナミハタ ハルキ	アクラブ調布	2009/09/28	高校2年
5	576	小林 玲桜	コバヤシ レオ	カワサキＳＣ	2011/03/20	高校1年
5	577	竹中 伯燿	タケナカ トモアキ	飛龍／家島ＳＣ	2008/10/12	高校3年
5	578	山口 夏輝	ヤマグチ ナツキ	マリーン鹿本	2009/07/31	高校2年
5	579	櫻井 雄磨	サクライ ユウマ	花巻東高校／花巻ＳＦ	2010/01/14	高校2年
5	580	上岡 凌太	カミオカ リョウタ	須磨学園高校／PHOENIX	2008/10/11	高校3年
5	581	渡部 煌大	ワタナベ コウダイ	ﾙﾈｻﾝｽ亀戸	2012/04/07	中学2年
5	582	木塚 廣斗	キヅカ ヒロト	OYAMA	2011/04/19	中学3年
5	583	李 煌大	リ ファンデ	星林高校／JSSﾊﾟﾙ太田	2008/05/21	高校3年	KOR
5	584	井倉 悠詞	イグラ ユウシ	アクシー亀田	2012/11/05	中学2年
5	585	吉田 星碧	ヨシダ セイア	周南ＳＣ	2009/08/24	高校2年
6	601	古川 歩香	フルカワ ホノカ	First広島／市立沼田	2008/04/02	高校3年
6	602	鳥生 美帆	トリュウ ミホ	ＭＧ双葉	2012/10/03	中学2年
6	603	鈴木 瑠華	スズキ ルカ	ｽｳｨﾝみよし／埼玉栄	2009/06/06	高校2年
6	604	本田 渚虹	ホンダ ナコ	TAP龍ヶ崎	2009/09/11	高校2年
6	605	河端 詩央梨	カワバタ シオリ	東京ＳＣ／日女大附	2010/09/10	高校1年
6	606	吉田 麻桜	ヨシダ マオ	ｾﾝﾄﾗﾙ清瀬	2011/03/24	高校1年
6	607	小林 久奈乃	コバヤシ ヒナノ	日大藤沢／林水泳教室	2008/06/05	高校3年
6	608	荒本 美佑	アラモト ミユウ	須磨学園高校／PHOENIX	2008/05/19	高校3年
6	609	山中 唯愛	ヤマナカ コア	ＫＳＧ可部	2012/06/22	中学2年
6	610	大鳴 美桜	オオナル ミオ	京都外大西高	2009/12/03	高校2年
6	611	藤田 奈央	フジタ ナオ	東京ＳＣ	2012/07/23	中学2年
6	612	山中 知子	ヤマナカ トモコ	豊川高／小田原ＳＣ	2010/05/15	高校1年
6	613	藤田 紗世	フジタ サヨ	ウスイＳＣ	2011/08/10	中学3年
6	614	伊崎 里莉	イザキ サトリ	枚方ＳＳ	2011/05/31	中学3年
6	615	谷口 ひまり	タニグチ ヒマリ	豊川高／ＪＳＳ中川	2009/09/14	高校2年
6	616	田中 咲楽	タナカ サクラ	S･ﾊﾟﾃｨｵ／兵庫	2010/05/09	高校1年
6	617	河原崎 心友	カワラザキ ミユ	カワサキＳＣ	2012/09/15	中学2年
6	618	鈴木 智葉	スズキ トモハ	中京大中京高／東邦ＳＣ	2009/10/13	高校2年
6	619	奥村 光央那	オクムラ ミオナ	SOLARIS ST	2008/06/03	高校3年
6	620	岡垣 希果	オカガキ ノゾミ	鳥取・パジャ	2009/12/24	高校2年
6	621	山田 琉愛	ヤマダ ルア	ｻﾝﾌﾗﾜｰSS	2012/02/05	中学3年
6	622	菅 七海	スガ ナナミ	東京ＳＣ／武南	2010/01/15	高校2年
6	623	中野 真凛	ナカノ マリン	豊川高	2010/12/10	高校1年
6	624	平山 更	ヒラヤマ サラ	東京ＳＣ	2012/12/31	中学2年
6	625	宮澤 あゆみ	ミヤザワ アユミ	ピュア大和	2011/11/22	中学3年
6	626	鯨井 あぐり	クジライ アグリ	東京ＳＣ／淑徳巣鴨	2009/09/20	高校2年
6	627	木本 那月	キモト ナツキ	和歌山北高校	2009/09/01	高校2年
6	628	松本 理紗子	マツモト リサコ	アクラブ調布	2012/09/12	中学2年
6	629	金野 柚子	コンノ ユウコ	花巻東高校／花巻ＳＦ	2008/10/10	高校3年
6	630	藤田 幸芭	フジタ サワ	ウェルビ水口／比叡山	2009/11/28	高校2年
6	631	占部 磨紀	ウラベ マキ	ジャパン高松	2011/02/10	高校1年
6	632	上杉 一叶	ウエスギ イチカ	あすなろＳＳ	2011/08/12	中学3年
6	633	東 花凛	アズマ カリン	ＫＴＶ豊中	2011/04/16	中学3年
6	634	山崎 杏	ヤマサキ アン	ﾙﾈｻﾝｽ緑井	2011/10/28	中学3年
6	635	青沼 凪紗	アオヌマ ナギサ	京都外大西高／イトマン京都	2010/06/11	高校1年
6	636	小長谷 知花	コナガヤ チカ	日大藤沢／TSSあざみ野	2009/08/23	高校2年
6	637	金納 市果	カンノ イチカ	豊川高	2010/11/18	高校1年
6	638	岩井 杏樹	イワイ アンジュ	相模原ＤＣ	2011/11/07	中学3年
6	639	久保 怜来	クボ レイナ	添上高校	2008/07/25	高校3年
6	640	藤倉 来羽	フジクラ コハネ	春日部共栄／スウィン加須	2008/11/05	高校3年
6	641	菅生 心菜	スガオイ ココナ	京都外大西高／イトマン京都	2009/04/02	高校2年
6	642	後藤 咲子	ゴトウ ワコ	豊川高／ＪＳＳ中川	2010/11/12	高校1年
6	643	平林 愛海	ヒラバヤシ アミ	FINE ST	2011/04/27	中学3年
6	644	貫洞 友里杏	カンドウ ユリア	東京ＳＣ／淑徳巣鴨	2010/09/12	高校1年
6	645	坂倉 百華	サカクラ モモカ	津アサヒＳＳ／津高	2009/08/30	高校2年
6	646	古川 瑞歩	フルカワ ミズホ	First広島	2011/04/20	中学3年
6	647	中務 心結	ナカツカ ミユ	枚方ＳＳ	2012/07/16	中学2年
6	648	花田 夢未	ハナダ ユメミ	四日市ＳＣ	2011/05/17	中学3年
6	649	林 伽奈英	ハヤシ カナエ	京都外大西高	2009/04/06	高校2年
6	650	井上 芽	イノウエ メイ	ｻﾝﾗｲｽﾞｲﾝﾀｰ	2009/08/01	高校2年
6	651	見谷 栞那	ミタニ カンナ	コパンベル	2011/08/27	中学3年
6	652	西田 蒼空	ニシダ ソラ	関大一	2010/02/13	高校2年
6	653	山室 璃奈	ヤマムロ リナ	ｻﾝﾌﾗﾜｰSS	2012/04/02	中学2年
6	654	久保 仁衣菜	クボ ニイナ	東京ＳＣ	2012/04/21	中学2年
6	655	山根 一花	ヤマネ イチカ	皆生ＳＳ	2012/12/27	中学2年
6	656	漆原 煌莉	ウルシバラ キラリ	東京ＳＣ	2012/01/06	中学3年
6	657	福本 理乃	フクモト リノ	ｳｫｰﾀｰﾒｲﾂ長崎	2009/06/11	高校2年
6	658	芳村 奏衣	ヨシムラ カナエ	津アサヒＳＳ	2011/06/25	中学3年
6	659	今井 穂野香	イマイ ホノカ	岐阜ＳＳ	2012/05/06	中学2年
6	660	奥 綾香	オク アヤカ	枚方ＳＳ／四條畷学園	2008/09/18	高校3年
6	661	佐野 真姫	サノ マヒメ	枚方ＳＳ	2012/05/12	中学2年
6	662	八巻 朋子	ヤマキ トモコ	東北	2008/04/22	高校3年
6	663	前田 紗希	マエダ サキ	鳥取・パジャ	2012/02/22	中学3年
6	664	松永 帆南	マツナガ ハンナ	東京ＳＣ	2012/10/28	中学2年
6	665	髙橋 こころ	タカハシ ココロ	スコーレ旭川／旭川永嶺	2010/03/13	高校2年
6	666	松田 梨杏	マツダ リア	京都外大西高	2010/01/06	高校2年
6	667	堀切 梓彩	ホリキリ アズサ	東京ＳＣ／目黒日大	2009/04/28	高校2年
6	668	鮎澤 菜々子	アユサワ ナナコ	豊川高／板SAﾄﾞｰﾑAZU	2010/02/26	高校2年
6	669	澤田 倫佳	サワダ ミチカ	東京ＳＣ／実践女子学園	2010/08/01	高校1年
6	670	木村 心美	キムラ ココミ	青森ヤクルト	2009/10/03	高校2年
6	671	池下 樹莉亜	イケシタ ジュリア	原田学園ＳＳ／鹿児島高	2008/07/16	高校3年
